,name,album,release_date,track_number,id,uri,acousticness,danceability,energy,instrumentalness,liveness,loudness,speechiness,tempo,valence,popularity,duration_ms
0,Magical,Autumn Variations (Fan Living Room Sessions),2023-10-02,1,0V0jxLGonu3pJV6hOl8CSK,spotify:track:0V0jxLGonu3pJV6hOl8CSK,0.748,0.658,0.632,7.33e-05,0.169,-8.492,0.0298,135.924,0.464,55,194277
1,England,Autumn Variations (Fan Living Room Sessions),2023-10-02,2,4OZoyD5m8Mrc0CMsAxBCU6,spotify:track:4OZoyD5m8Mrc0CMsAxBCU6,0.641,0.622,0.666,8.63e-05,0.513,-10.786,0.0423,126.934,0.52,52,226756
2,Amazing,Autumn Variations (Fan Living Room Sessions),2023-10-02,3,6rVxvys4tcXsNuw2xoKsLl,spotify:track:6rVxvys4tcXsNuw2xoKsLl,0.429,0.809,0.664,1.55e-06,0.131,-7.265,0.0373,116.996,0.374,53,245813
3,Plastic Bag,Autumn Variations (Fan Living Room Sessions),2023-10-02,4,11osH1qPIktZAVxjRd8EnW,spotify:track:11osH1qPIktZAVxjRd8EnW,0.621,0.713,0.727,0.0,0.0751,-6.551,0.0528,120.016,0.384,53,229850
4,Blue,Autumn Variations (Fan Living Room Sessions),2023-10-02,5,4MIe9vXY61PuUeFSq1x8rM,spotify:track:4MIe9vXY61PuUeFSq1x8rM,0.888,0.668,0.314,0.0,0.222,-8.275,0.0298,78.019,0.414,51,153899
5,American Town,Autumn Variations (Fan Living Room Sessions),2023-10-02,6,58oljhgRB2FFtF1l2v31QJ,spotify:track:58oljhgRB2FFtF1l2v31QJ,0.736,0.74,0.652,0.0,0.348,-5.668,0.0601,105.025,0.715,61,197976
6,That’s On Me,Autumn Variations (Fan Living Room Sessions),2023-10-02,7,4W8EmeDnNxqRXEeVSpHDn7,spotify:track:4W8EmeDnNxqRXEeVSpHDn7,0.634,0.822,0.696,0.0,0.0624,-6.275,0.114,106.995,0.575,52,227398
7,Page,Autumn Variations (Fan Living Room Sessions),2023-10-02,8,3pBpGx6jM4cQGzn1EMx963,spotify:track:3pBpGx6jM4cQGzn1EMx963,0.623,0.774,0.604,3.48e-06,0.0889,-6.385,0.0404,146.081,0.62,50,231021
8,Midnight,Autumn Variations (Fan Living Room Sessions),2023-10-02,9,36TfNKDK3IuTC6E3UmfZ20,spotify:track:36TfNKDK3IuTC6E3UmfZ20,0.425,0.555,0.824,7.78e-05,0.082,-5.843,0.0591,178.034,0.685,50,179538
9,Spring,Autumn Variations (Fan Living Room Sessions),2023-10-02,10,4JV6AhDromrfPIVXuzEijV,spotify:track:4JV6AhDromrfPIVXuzEijV,0.923,0.644,0.317,0.00159,0.104,-11.565,0.0317,96.081,0.667,50,178615
10,Punchline,Autumn Variations (Fan Living Room Sessions),2023-10-02,11,6sOgmZZirRoPic91xQ0pl6,spotify:track:6sOgmZZirRoPic91xQ0pl6,0.844,0.534,0.407,0.0,0.113,-7.994,0.0261,154.059,0.616,51,206008
11,When Will I Be Alright,Autumn Variations (Fan Living Room Sessions),2023-10-02,12,6VV2HwNlosZHFPYyPezX4Q,spotify:track:6VV2HwNlosZHFPYyPezX4Q,0.935,0.614,0.244,5.64e-05,0.112,-9.345,0.0301,126.381,0.488,49,175878
12,The Day I Was Born,Autumn Variations (Fan Living Room Sessions),2023-10-02,13,45a6lZchOMRp90XN1gC4II,spotify:track:45a6lZchOMRp90XN1gC4II,0.657,0.6,0.667,0.0,0.327,-5.504,0.0443,135.083,0.725,48,252318
13,Head > Heels,Autumn Variations (Fan Living Room Sessions),2023-10-02,14,3V0WFHUDCYSCQkhnK9Yzn5,spotify:track:3V0WFHUDCYSCQkhnK9Yzn5,0.759,0.711,0.328,0.000538,0.116,-9.172,0.0592,77.539,0.347,48,253881
14,Magical - Live from Brantlie’s Living Room,Autumn Variations (Fan Living Room Sessions),2023-10-02,1,26eyElBDPNcCotyeb8GER6,spotify:track:26eyElBDPNcCotyeb8GER6,0.807,0.54,0.257,0.0,0.11,-8.223,0.0312,80.298,0.484,47,174343
15,England - Live from Maynard’s Living Room,Autumn Variations (Fan Living Room Sessions),2023-10-02,2,26vVj2jF7opp0pTFTSNtZS,spotify:track:26vVj2jF7opp0pTFTSNtZS,0.871,0.685,0.325,0.0,0.105,-6.706,0.0429,131.851,0.382,46,201568
16,Amazing - Live from Kia’s Living Room,Autumn Variations (Fan Living Room Sessions),2023-10-02,3,4hjpUPLh1WJ1tBNjFsgppU,spotify:track:4hjpUPLh1WJ1tBNjFsgppU,0.699,0.911,0.353,0.0,0.146,-5.083,0.056,127.15,0.925,46,174165
17,Plastic Bag - Live from Alex’s Living Room,Autumn Variations (Fan Living Room Sessions),2023-10-02,4,4uLja2eQJ8mBoA4QmVy4Jb,spotify:track:4uLja2eQJ8mBoA4QmVy4Jb,0.872,0.722,0.274,0.0,0.112,-6.234,0.0414,126.456,0.534,46,218887
18,Blue - Live from Sarom’s Living Room,Autumn Variations (Fan Living Room Sessions),2023-10-02,5,5SBrQlvC8l1tW5wNSi0Rlu,spotify:track:5SBrQlvC8l1tW5wNSi0Rlu,0.893,0.441,0.319,0.0,0.241,-7.085,0.0351,168.399,0.389,45,141203
19,American Town - Live from Kari’s Living Room,Autumn Variations (Fan Living Room Sessions),2023-10-02,6,0nWELRrZYYeJaynDOVjggv,spotify:track:0nWELRrZYYeJaynDOVjggv,0.813,0.606,0.475,0.0,0.102,-4.255,0.045,106.149,0.631,47,195749
20,That’s On Me - Live from Narine’s Living Room,Autumn Variations (Fan Living Room Sessions),2023-10-02,7,2PAMpzkXfCU4NFs1IiJVhY,spotify:track:2PAMpzkXfCU4NFs1IiJVhY,0.748,0.685,0.665,0.0,0.0533,-5.445,0.0877,113.777,0.776,44,191808
21,Page - Live from Deborah’s Living Room,Autumn Variations (Fan Living Room Sessions),2023-10-02,8,1roO8TRLqZ0ja57mILJQlF,spotify:track:1roO8TRLqZ0ja57mILJQlF,0.883,0.479,0.416,0.0,0.0843,-4.782,0.0371,78.837,0.353,44,211849
22,Midnight - Live from John’s Living Room,Autumn Variations (Fan Living Room Sessions),2023-10-02,9,0aP608S0wKfse1LlDy9aZL,spotify:track:0aP608S0wKfse1LlDy9aZL,0.881,0.606,0.317,0.0,0.117,-7.322,0.044,99.691,0.479,44,151876
23,Spring - Live from Emily’s Living Room,Autumn Variations (Fan Living Room Sessions),2023-10-02,10,2Z59T7Ukc34W3adhjcskXE,spotify:track:2Z59T7Ukc34W3adhjcskXE,0.908,0.555,0.235,0.0,0.103,-10.655,0.036,102.194,0.366,44,153533
24,Punchline - Live from Holly’s Living Room,Autumn Variations (Fan Living Room Sessions),2023-10-02,11,6XyGcm4JJq1KL6CWGk4joO,spotify:track:6XyGcm4JJq1KL6CWGk4joO,0.836,0.639,0.407,0.0,0.0876,-5.581,0.0306,84.575,0.414,44,186662
25,When Will I Be Alright - Live from Kristen’s Living Room,Autumn Variations (Fan Living Room Sessions),2023-10-02,12,6r8VpUHx6dI2ZtZrVTZ7Vt,spotify:track:6r8VpUHx6dI2ZtZrVTZ7Vt,0.943,0.584,0.215,0.0,0.0962,-8.765,0.0335,132.456,0.362,44,166769
26,The Day I Was Born - Live from Danielle’s Living Room,Autumn Variations (Fan Living Room Sessions),2023-10-02,13,2eByhz5FCBvW0BoLl1I1vr,spotify:track:2eByhz5FCBvW0BoLl1I1vr,0.777,0.674,0.472,0.0,0.217,-4.707,0.0421,77.027,0.607,43,214960
27,Head > Heels - Live from Keira’s Living Room,Autumn Variations (Fan Living Room Sessions),2023-10-02,14,09RjA5mm3ElFtMXy0f1I25,spotify:track:09RjA5mm3ElFtMXy0f1I25,0.92,0.693,0.139,0.0,0.0928,-6.6,0.0414,80.305,0.354,43,232902
28,Magical,Autumn Variations,2023-09-29,1,20uknEOwx3PpiGL2Es2vCg,spotify:track:20uknEOwx3PpiGL2Es2vCg,0.748,0.658,0.632,7.33e-05,0.169,-8.492,0.0298,135.924,0.464,67,194277
29,England,Autumn Variations,2023-09-29,2,5eL45g9qvFvydEYcmv4zic,spotify:track:5eL45g9qvFvydEYcmv4zic,0.641,0.622,0.666,8.63e-05,0.513,-10.786,0.0423,126.934,0.52,52,226756
30,Amazing,Autumn Variations,2023-09-29,3,4fUMgL19kixzHhrttFZXsD,spotify:track:4fUMgL19kixzHhrttFZXsD,0.429,0.809,0.664,1.55e-06,0.131,-7.265,0.0373,116.996,0.374,54,245813
31,Plastic Bag,Autumn Variations,2023-09-29,4,1qvqgg3r67ayzIfuBMTJSV,spotify:track:1qvqgg3r67ayzIfuBMTJSV,0.621,0.713,0.727,0.0,0.0751,-6.551,0.0528,120.016,0.384,56,229850
32,Blue,Autumn Variations,2023-09-29,5,3SWLFqvadQmOMpEfrp4FMU,spotify:track:3SWLFqvadQmOMpEfrp4FMU,0.888,0.668,0.314,0.0,0.222,-8.275,0.0298,78.019,0.414,62,153899
33,American Town,Autumn Variations,2023-09-29,6,4rDvBpFgKbgJepZTaP0rD6,spotify:track:4rDvBpFgKbgJepZTaP0rD6,0.736,0.74,0.652,0.0,0.348,-5.668,0.0601,105.025,0.715,69,197976
34,That’s On Me,Autumn Variations,2023-09-29,7,6n8UfmEOGvDGxYRUrGf4z7,spotify:track:6n8UfmEOGvDGxYRUrGf4z7,0.634,0.822,0.696,0.0,0.0624,-6.275,0.114,106.995,0.575,53,227398
35,Page,Autumn Variations,2023-09-29,8,3LP0XwrMJ6ShNSrExi7jYs,spotify:track:3LP0XwrMJ6ShNSrExi7jYs,0.623,0.774,0.604,3.48e-06,0.0889,-6.385,0.0404,146.081,0.62,51,231021
36,Midnight,Autumn Variations,2023-09-29,9,2OTISEHIoZio1AKmKpV9BY,spotify:track:2OTISEHIoZio1AKmKpV9BY,0.425,0.555,0.824,7.78e-05,0.082,-5.843,0.0591,178.034,0.685,51,179538
37,Spring,Autumn Variations,2023-09-29,10,5xlCPBwakaVR2uwJG8Zph3,spotify:track:5xlCPBwakaVR2uwJG8Zph3,0.923,0.644,0.317,0.00159,0.104,-11.565,0.0317,96.081,0.667,51,178615
38,Punchline,Autumn Variations,2023-09-29,11,4gqRVDvnILW0cvBWZzKcRf,spotify:track:4gqRVDvnILW0cvBWZzKcRf,0.844,0.534,0.407,0.0,0.113,-7.994,0.0261,154.059,0.616,57,206008
39,When Will I Be Alright,Autumn Variations,2023-09-29,12,5S1CxlxcDGMf6c0WcEvF4K,spotify:track:5S1CxlxcDGMf6c0WcEvF4K,0.935,0.614,0.244,5.64e-05,0.112,-9.345,0.0301,126.381,0.488,51,175878
40,The Day I Was Born,Autumn Variations,2023-09-29,13,6No5bWFaZUgbIvoH9gOpvb,spotify:track:6No5bWFaZUgbIvoH9gOpvb,0.657,0.6,0.667,0.0,0.327,-5.504,0.0443,135.083,0.725,50,252318
41,Head > Heels,Autumn Variations,2023-09-29,14,0ehxgCWdhKRdnRn9MmrUbu,spotify:track:0ehxgCWdhKRdnRn9MmrUbu,0.759,0.711,0.328,0.000538,0.116,-9.172,0.0592,77.539,0.347,51,253881
42,Boat,- (Deluxe),2023-05-05,1,6jemILri7l5LuPhKs2nuXr,spotify:track:6jemILri7l5LuPhKs2nuXr,0.758,0.47,0.203,2.41e-06,0.312,-8.676,0.0371,153.578,0.325,69,185675
43,Salt Water,- (Deluxe),2023-05-05,2,6UIcjH0BzH2MKvToeEYIOZ,spotify:track:6UIcjH0BzH2MKvToeEYIOZ,0.617,0.584,0.374,2.86e-06,0.0694,-9.224,0.0337,147.084,0.279,62,239770
44,Eyes Closed,- (Deluxe),2023-05-05,3,3p7XQpdt8Dr6oMXSvRZ9bg,spotify:track:3p7XQpdt8Dr6oMXSvRZ9bg,0.246,0.793,0.52,0.0,0.0878,-7.457,0.0696,107.014,0.309,84,194848
45,Life Goes On,- (Deluxe),2023-05-05,4,74eJR4gwG1ZmG4BFkbrOlA,spotify:track:74eJR4gwG1ZmG4BFkbrOlA,0.813,0.629,0.312,0.0,0.169,-7.609,0.0318,77.044,0.456,65,210208
46,Dusty,- (Deluxe),2023-05-05,5,4u4A4lPpiw54evLxTaLeRJ,spotify:track:4u4A4lPpiw54evLxTaLeRJ,0.226,0.711,0.55,0.00928,0.12,-9.682,0.0332,146.928,0.616,61,222957
47,End Of Youth,- (Deluxe),2023-05-05,6,0vber253Le8WWt7gKorVe9,spotify:track:0vber253Le8WWt7gKorVe9,0.488,0.663,0.436,0.0,0.116,-7.81,0.0359,143.197,0.316,65,231040
48,Colourblind,- (Deluxe),2023-05-05,7,290x9rCh2EWcJ9YKpfiI9z,spotify:track:290x9rCh2EWcJ9YKpfiI9z,0.85,0.428,0.296,3.63e-06,0.0767,-8.731,0.0396,169.744,0.156,62,209267
49,Curtains,- (Deluxe),2023-05-05,8,6ZZf5a8oiInHDkBe9zXfLP,spotify:track:6ZZf5a8oiInHDkBe9zXfLP,0.0989,0.5,0.757,2.5e-06,0.324,-6.542,0.0522,175.944,0.443,68,224803
50,Borderline,- (Deluxe),2023-05-05,9,0bCnvkP7PYCJV64sQLl5mm,spotify:track:0bCnvkP7PYCJV64sQLl5mm,0.941,0.51,0.316,2.5e-05,0.0936,-10.001,0.0289,139.917,0.226,59,237756
51,Spark,- (Deluxe),2023-05-05,10,26J3f0d3ZuN7g66xBdey8o,spotify:track:26J3f0d3ZuN7g66xBdey8o,0.776,0.56,0.616,0.000334,0.0901,-7.523,0.032,172.031,0.399,60,214846
52,Vega,- (Deluxe),2023-05-05,11,1DSwFkEe28GSFmdIK92OFX,spotify:track:1DSwFkEe28GSFmdIK92OFX,0.803,0.743,0.405,0.0,0.134,-7.901,0.0416,124.041,0.353,62,178114
53,Sycamore,- (Deluxe),2023-05-05,12,3qwxZ8ygOYSWE790KcfgU1,spotify:track:3qwxZ8ygOYSWE790KcfgU1,0.727,0.592,0.32,0.0,0.259,-8.069,0.0331,134.085,0.35,61,170075
54,No Strings,- (Deluxe),2023-05-05,13,09UTOp33EhOSWzvGL0YOws,spotify:track:09UTOp33EhOSWzvGL0YOws,0.829,0.644,0.345,0.0,0.12,-6.433,0.0268,80.957,0.252,58,174087
55,The Hills of Aberfeldy,- (Deluxe),2023-05-05,14,1eYafSv4c2aFNf98hSFHX0,spotify:track:1eYafSv4c2aFNf98hSFHX0,0.872,0.436,0.19,0.0,0.0971,-7.693,0.0303,79.571,0.326,62,195083
56,Wildflowers - Bonus Track,- (Deluxe),2023-05-05,15,75To9uF11PYY0vAkXnDWvW,spotify:track:75To9uF11PYY0vAkXnDWvW,0.86,0.764,0.233,0.00185,0.0939,-9.099,0.0302,131.982,0.155,56,178206
57,Stoned - Bonus Track,- (Deluxe),2023-05-05,16,5M12X6gQDoMMqqlRDg5Bfo,spotify:track:5M12X6gQDoMMqqlRDg5Bfo,0.76,0.695,0.322,0.0,0.0895,-7.145,0.03,119.937,0.4,56,197098
58,Toughest - Bonus Track,- (Deluxe),2023-05-05,17,0C1dOJr5ae2tJSUGxMXTcC,spotify:track:0C1dOJr5ae2tJSUGxMXTcC,0.562,0.623,0.547,0.0,0.129,-7.077,0.0342,133.297,0.484,56,213768
59,Moving - Bonus Track,- (Deluxe),2023-05-05,18,0Himk13I9FPFVwSyPhU3WD,spotify:track:0Himk13I9FPFVwSyPhU3WD,0.763,0.611,0.394,0.0,0.153,-6.786,0.0306,74.998,0.728,55,215247
60,Tides,= (Tour Edition),2022-05-27,1,2034O98KseYfXW4eETgm9h,spotify:track:2034O98KseYfXW4eETgm9h,0.0167,0.631,0.825,0.0,0.122,-3.971,0.0433,129.942,0.427,37,195760
61,Shivers,= (Tour Edition),2022-05-27,2,6SR8tWgGvYoA2VJDgPQSWo,spotify:track:6SR8tWgGvYoA2VJDgPQSWo,0.281,0.788,0.859,0.0,0.0424,-2.724,0.0856,141.02,0.822,39,207853
62,First Times,= (Tour Edition),2022-05-27,3,6ih77QgShm0RSp913VkGZn,spotify:track:6ih77QgShm0RSp913VkGZn,0.84,0.587,0.267,0.0,0.121,-9.206,0.0349,98.845,0.352,36,185853
63,Bad Habits,= (Tour Edition),2022-05-27,4,5jRvUR9rwKALlZQ1EzGjBI,spotify:track:5jRvUR9rwKALlZQ1EzGjBI,0.0451,0.807,0.893,2.79e-05,0.366,-3.745,0.0347,126.011,0.537,38,230746
64,Overpass Graffiti,= (Tour Edition),2022-05-27,5,0FRBToHz6nkJTk2MqVAnX9,spotify:track:0FRBToHz6nkJTk2MqVAnX9,0.00253,0.52,0.849,0.0,0.119,-3.794,0.186,175.908,0.774,38,236906
65,The Joker And The Queen,= (Tour Edition),2022-05-27,6,49fcoVTl7mQtaGrOu5eWWf,spotify:track:49fcoVTl7mQtaGrOu5eWWf,0.952,0.567,0.211,5.24e-05,0.275,-9.975,0.0315,134.019,0.289,35,185586
66,Leave Your Life,= (Tour Edition),2022-05-27,7,1REhY89NpcXlSsA5OR09pV,spotify:track:1REhY89NpcXlSsA5OR09pV,0.236,0.578,0.558,0.0,0.143,-5.438,0.0872,75.087,0.54,34,223866
67,Collide,= (Tour Edition),2022-05-27,8,362gtoLRmu1RfqolIFxXcL,spotify:track:362gtoLRmu1RfqolIFxXcL,0.113,0.672,0.73,0.0,0.0612,-4.77,0.0372,123.969,0.559,35,210213
68,2step,= (Tour Edition),2022-05-27,9,0Kyf0mywQUx3aqtYVtiR6U,spotify:track:0Kyf0mywQUx3aqtYVtiR6U,0.169,0.763,0.661,0.0,0.117,-5.592,0.056,95.002,0.632,37,153626
69,Stop The Rain,= (Tour Edition),2022-05-27,10,781z6KOhWIytOCGXsWoL0H,spotify:track:781z6KOhWIytOCGXsWoL0H,0.0122,0.686,0.765,0.0,0.127,-4.778,0.118,99.998,0.743,34,203493
70,Love In Slow Motion,= (Tour Edition),2022-05-27,11,1ZNI4Ab5Ojwha9OCmtqE6n,spotify:track:1ZNI4Ab5Ojwha9OCmtqE6n,0.668,0.485,0.54,0.0,0.0849,-5.4,0.0253,62.631,0.426,34,190933
71,Visiting Hours,= (Tour Edition),2022-05-27,12,446RPBrDh8kVcYfDdnNFmp,spotify:track:446RPBrDh8kVcYfDdnNFmp,0.77,0.471,0.396,0.0,0.0729,-6.654,0.0336,149.609,0.263,35,215506
72,Sandman,= (Tour Edition),2022-05-27,13,2XKGiJ6CtXxlWdBpDiTa7y,spotify:track:2XKGiJ6CtXxlWdBpDiTa7y,0.882,0.822,0.3,9.15e-05,0.0665,-8.034,0.0673,125.951,0.734,32,259333
73,Be Right Now,= (Tour Edition),2022-05-27,14,3hPXXNKlZvD2l4KIgbo65V,spotify:track:3hPXXNKlZvD2l4KIgbo65V,0.00494,0.501,0.684,0.000478,0.0524,-6.706,0.0566,131.952,0.442,32,211080
74,Afterglow,= (Tour Edition),2022-05-27,15,5hyNzOLHCyYjvrIVIIVIWI,spotify:track:5hyNzOLHCyYjvrIVIIVIWI,0.698,0.641,0.324,0.0,0.328,-5.851,0.0299,110.184,0.273,57,185486
75,One Life,= (Tour Edition),2022-05-27,16,5DXKvETa1xppOmd4CDxs9S,spotify:track:5DXKvETa1xppOmd4CDxs9S,0.114,0.573,0.593,2.65e-06,0.122,-7.225,0.0299,159.978,0.425,59,231546
76,Penguins,= (Tour Edition),2022-05-27,17,2kvwspbTT9ZyQNAv9OVYjq,spotify:track:2kvwspbTT9ZyQNAv9OVYjq,0.79,0.709,0.324,0.0,0.1,-10.975,0.0444,99.906,0.47,41,248866
77,I Will Remember You,= (Tour Edition),2022-05-27,18,4yVsZALRYQ2cBJCViCTTp0,spotify:track:4yVsZALRYQ2cBJCViCTTp0,0.404,0.743,0.807,5.49e-06,0.0723,-5.917,0.0538,145.01,0.721,42,214493
78,Welcome To The World,= (Tour Edition),2022-05-27,19,6GqJ3mte0bfx6cIrWlVDW6,spotify:track:6GqJ3mte0bfx6cIrWlVDW6,0.818,0.334,0.307,5.55e-05,0.362,-8.522,0.033,169.53,0.426,38,176813
79,The Joker And The Queen (feat. Taylor Swift),= (Tour Edition),2022-05-27,20,2dk3qSc7779ecP8w6rNoT9,spotify:track:2dk3qSc7779ecP8w6rNoT9,0.924,0.528,0.309,2.1e-06,0.282,-7.398,0.0329,133.83,0.307,60,185422
80,2step (feat. Lil Baby),= (Tour Edition),2022-05-27,21,3vRMNhtsTzM25UbTeuKGrx,spotify:track:3vRMNhtsTzM25UbTeuKGrx,0.138,0.693,0.643,0.0,0.108,-5.867,0.0828,95.055,0.477,33,163449
81,Bad Habits (feat. Bring Me The Horizon),= (Tour Edition),2022-05-27,22,5L9Ptz7hUfTavjjdRRiNXR,spotify:track:5L9Ptz7hUfTavjjdRRiNXR,0.0305,0.59,0.849,0.0,0.11,-4.691,0.0792,131.018,0.178,52,250763
82,Peru,= (Tour Edition),2022-05-27,23,1PvSHEmS4wNXTft6I0ugOZ,spotify:track:1PvSHEmS4wNXTft6I0ugOZ,0.572,0.956,0.417,0.00071,0.0782,-7.892,0.0926,108.015,0.714,34,187111
83,Tides,=,2021-10-29,1,2JiHR4gCDjXwYVRDmwdk95,spotify:track:2JiHR4gCDjXwYVRDmwdk95,0.0167,0.631,0.825,0.0,0.122,-3.971,0.0433,129.942,0.427,64,195760
84,Shivers,=,2021-10-29,2,50nfwKoDiSYg8zOCREWAm5,spotify:track:50nfwKoDiSYg8zOCREWAm5,0.281,0.788,0.859,0.0,0.0424,-2.724,0.0856,141.02,0.822,87,207853
85,First Times,=,2021-10-29,3,5QYnNhTKsN3kE7OaqILA1U,spotify:track:5QYnNhTKsN3kE7OaqILA1U,0.84,0.587,0.267,0.0,0.121,-9.206,0.0349,98.845,0.352,67,185853
86,Bad Habits,=,2021-10-29,4,3rmo8F54jFF8OgYsqTxm5d,spotify:track:3rmo8F54jFF8OgYsqTxm5d,0.0451,0.807,0.893,2.79e-05,0.366,-3.745,0.0347,126.011,0.537,85,230746
87,Overpass Graffiti,=,2021-10-29,5,4btFHqumCO31GksfuBLLv3,spotify:track:4btFHqumCO31GksfuBLLv3,0.00253,0.52,0.849,0.0,0.119,-3.794,0.186,175.908,0.774,73,236906
88,The Joker And The Queen,=,2021-10-29,6,3NuLxTXowTRcguTh9RsPmM,spotify:track:3NuLxTXowTRcguTh9RsPmM,0.952,0.567,0.211,5.24e-05,0.275,-9.975,0.0315,134.019,0.289,58,185586
89,Leave Your Life,=,2021-10-29,7,0YbI9lWxUBsCJLb6EBydkr,spotify:track:0YbI9lWxUBsCJLb6EBydkr,0.236,0.578,0.558,0.0,0.143,-5.438,0.0872,75.087,0.54,58,223866
90,Collide,=,2021-10-29,8,5sv0WnUs74Orn6GoPmC5im,spotify:track:5sv0WnUs74Orn6GoPmC5im,0.113,0.672,0.73,0.0,0.0612,-4.77,0.0372,123.969,0.559,61,210213
91,2step,=,2021-10-29,9,2SUxn2O9NHL6GHGQFgwCY0,spotify:track:2SUxn2O9NHL6GHGQFgwCY0,0.169,0.763,0.661,0.0,0.117,-5.592,0.056,95.002,0.632,70,153626
92,Stop The Rain,=,2021-10-29,10,0VuDtcT7H4CAljLZEH021x,spotify:track:0VuDtcT7H4CAljLZEH021x,0.0122,0.686,0.765,0.0,0.127,-4.778,0.118,99.998,0.743,59,203493
93,Love In Slow Motion,=,2021-10-29,11,1i4F583d9v9RabcfOlKKVL,spotify:track:1i4F583d9v9RabcfOlKKVL,0.668,0.485,0.54,0.0,0.0849,-5.4,0.0253,62.631,0.426,59,190933
94,Visiting Hours,=,2021-10-29,12,0rt63HYAAIzUZo5O2D0uA6,spotify:track:0rt63HYAAIzUZo5O2D0uA6,0.77,0.471,0.396,0.0,0.0729,-6.654,0.0336,149.609,0.263,72,215506
95,Sandman,=,2021-10-29,13,2Ldb2ytuC9AxhpAkVEJBI6,spotify:track:2Ldb2ytuC9AxhpAkVEJBI6,0.882,0.822,0.3,9.15e-05,0.0665,-8.034,0.0673,125.951,0.734,57,259333
96,Be Right Now,=,2021-10-29,14,3BiiSLo0wyHAY7lpCEO6ge,spotify:track:3BiiSLo0wyHAY7lpCEO6ge,0.00494,0.501,0.684,0.000478,0.0524,-6.706,0.0566,131.952,0.442,56,211080
97,2step (feat. Lil Baby),2step (The Remixes),2021-10-29,1,1qqSQhDwPXl8WY0Fxx9kIt,spotify:track:1qqSQhDwPXl8WY0Fxx9kIt,0.138,0.693,0.643,0.0,0.108,-5.867,0.0828,95.055,0.477,54,163449
98,2step (feat. Ultimo),2step (The Remixes),2021-10-29,2,4EDm3svAC8LREh5b6fHZzt,spotify:track:4EDm3svAC8LREh5b6fHZzt,0.16,0.727,0.69,0.0,0.137,-5.063,0.0721,94.935,0.685,40,154160
99,2step (feat. Potter Payper),2step (The Remixes),2021-10-29,3,0uW73walIcF9UfA2G5ZfpF,spotify:track:0uW73walIcF9UfA2G5ZfpF,0.14,0.726,0.671,0.0,0.139,-5.402,0.161,95.053,0.552,36,153446
100,2step (feat. Antytila),2step (The Remixes),2021-10-29,4,0EgNmGWjnYm3FMyaOW5xsM,spotify:track:0EgNmGWjnYm3FMyaOW5xsM,0.235,0.506,0.695,0.0,0.151,-5.185,0.105,93.75,0.599,40,153213
101,2step (feat. Leto),2step (The Remixes),2021-10-29,5,0Ooo1Wnehm31UPovrjLRWW,spotify:track:0Ooo1Wnehm31UPovrjLRWW,0.273,0.73,0.701,0.0,0.0657,-5.318,0.0447,94.97,0.522,43,154453
102,2step (feat. Ellinoora),2step (The Remixes),2021-10-29,6,7nPp9jinMqAmiAnNfYzY7c,spotify:track:7nPp9jinMqAmiAnNfYzY7c,0.167,0.705,0.741,0.0,0.216,-4.33,0.0683,94.962,0.615,33,153373
103,2step (feat. 1.Cuz),2step (The Remixes),2021-10-29,7,3Clcn0JjqakucsAAAMV646,spotify:track:3Clcn0JjqakucsAAAMV646,0.157,0.674,0.663,0.0,0.13,-5.084,0.084,94.818,0.617,41,153226
104,2step (feat. Budjerah),2step (The Remixes),2021-10-29,8,3dvDgPBAxqetLJvDmRDtwC,spotify:track:3dvDgPBAxqetLJvDmRDtwC,0.212,0.727,0.621,0.0,0.114,-4.784,0.0555,94.958,0.565,38,153426
105,2step (Star.One Remix),2step (The Remixes),2021-10-29,9,5DKhoaXr9zqKis4SY5BiSm,spotify:track:5DKhoaXr9zqKis4SY5BiSm,0.254,0.669,0.916,0.00117,0.356,-4.961,0.038,129.956,0.54,31,205186
106,2step (feat. Chefin),2step (The Remixes),2021-10-29,10,2t0iRmBWsSwPIv7OY8ypiZ,spotify:track:2t0iRmBWsSwPIv7OY8ypiZ,0.209,0.731,0.642,0.0,0.242,-5.106,0.0695,94.961,0.504,38,164560
107,2step (feat. reezy),2step (The Remixes),2021-10-29,11,6Md7OetCK5pP3HzcX0ermc,spotify:track:6Md7OetCK5pP3HzcX0ermc,0.179,0.734,0.68,0.0,0.169,-5.096,0.058,95.06,0.499,32,153334
108,2step (feat. Quevedo),2step (The Remixes),2021-10-29,12,0YbUKWAVjJvfOvRpnvNEOz,spotify:track:0YbUKWAVjJvfOvRpnvNEOz,0.171,0.72,0.709,0.0,0.141,-5.308,0.0827,94.99,0.537,41,153254
109,2step (feat. Denise Chaila),2step (The Remixes),2021-10-29,13,5nlCMeGjtjeHkUqI43dV93,spotify:track:5nlCMeGjtjeHkUqI43dV93,0.21,0.728,0.69,0.0,0.113,-4.788,0.084,94.986,0.492,30,153227
110,2step (feat. Armaan Malik),2step (The Remixes),2021-10-29,14,3Gxo1itE2q8dTrhX7atqCE,spotify:track:3Gxo1itE2q8dTrhX7atqCE,0.18,0.747,0.667,0.0,0.146,-5.181,0.0566,95.0,0.508,39,153124
111,Beautiful People (feat. Khalid),No.6 Collaborations Project,2019-07-12,1,70eFcWOvlMObDhURTqT4Fv,spotify:track:70eFcWOvlMObDhURTqT4Fv,0.124,0.64,0.647,0.0,0.0801,-8.114,0.186,92.979,0.546,76,197866
112,South of the Border (feat. Camila Cabello & Cardi B),No.6 Collaborations Project,2019-07-12,2,4vUmTMuQqjdnvlZmAH61Qk,spotify:track:4vUmTMuQqjdnvlZmAH61Qk,0.148,0.857,0.621,0.0,0.0865,-6.376,0.0825,97.989,0.668,77,204466
113,Cross Me (feat. Chance the Rapper & PnB Rock),No.6 Collaborations Project,2019-07-12,3,4wuCQX7JvAZLlrcmH4AeZF,spotify:track:4wuCQX7JvAZLlrcmH4AeZF,0.212,0.746,0.787,0.0,0.0669,-6.373,0.12,95.005,0.607,62,206186
114,Take Me Back to London (feat. Stormzy),No.6 Collaborations Project,2019-07-12,4,1AI7UPw3fgwAFkvAlZWhE0,spotify:track:1AI7UPw3fgwAFkvAlZWhE0,0.219,0.885,0.762,0.0,0.162,-5.513,0.216,138.058,0.605,66,189733
115,Best Part of Me (feat. YEBBA),No.6 Collaborations Project,2019-07-12,5,0VsGaRXR5WAzpu51unJTis,spotify:track:0VsGaRXR5WAzpu51unJTis,0.758,0.565,0.243,8.82e-06,0.285,-8.367,0.0317,81.655,0.239,64,243266
116,I Don't Care (with Justin Bieber),No.6 Collaborations Project,2019-07-12,6,0hVXuCcriWRGvwMV1r5Yn9,spotify:track:0hVXuCcriWRGvwMV1r5Yn9,0.0902,0.798,0.676,0.0,0.0894,-5.041,0.0442,101.956,0.843,72,219946
117,Antisocial (with Travis Scott),No.6 Collaborations Project,2019-07-12,7,1DhRbox3xkceP64k3JeYfW,spotify:track:1DhRbox3xkceP64k3JeYfW,0.132,0.716,0.823,0.0,0.361,-5.313,0.0495,151.957,0.91,65,161746
118,Remember The Name (feat. Eminem & 50 Cent),No.6 Collaborations Project,2019-07-12,8,0AtP8EkGPn6SwxKDaUuXec,spotify:track:0AtP8EkGPn6SwxKDaUuXec,0.135,0.852,0.666,0.0,0.798,-6.923,0.184,91.046,0.726,69,207760
119,Feels (feat. Young Thug & J Hus),No.6 Collaborations Project,2019-07-12,9,1Bdptrvb7nQkq8kCw3siE9,spotify:track:1Bdptrvb7nQkq8kCw3siE9,0.112,0.665,0.68,0.0,0.096,-4.898,0.291,91.667,0.69,52,150786
120,Put It All on Me (feat. Ella Mai),No.6 Collaborations Project,2019-07-12,10,5T03itPFOPGGkvVPvPiyla,spotify:track:5T03itPFOPGGkvVPvPiyla,0.256,0.627,0.594,0.0,0.373,-8.306,0.0479,101.007,0.388,64,197093
121,Nothing On You (feat. Paulo Londra & Dave),No.6 Collaborations Project,2019-07-12,11,2qRN7PWiHRLprw4FpDeI9N,spotify:track:2qRN7PWiHRLprw4FpDeI9N,0.333,0.747,0.649,0.0,0.172,-6.218,0.218,88.011,0.84,57,200733
122,I Don't Want Your Money (feat. H.E.R.),No.6 Collaborations Project,2019-07-12,12,3FHXUqaUer9o231Je1zxIN,spotify:track:3FHXUqaUer9o231Je1zxIN,0.31,0.468,0.63,0.0,0.137,-6.536,0.0843,91.419,0.762,53,204506
123,1000 Nights (feat. Meek Mill & A Boogie Wit da Hoodie),No.6 Collaborations Project,2019-07-12,13,4vIKzWqtn44umal5jXq4wE,spotify:track:4vIKzWqtn44umal5jXq4wE,0.467,0.778,0.589,0.0,0.0902,-5.548,0.269,98.001,0.513,53,212306
124,Way To Break My Heart (feat. Skrillex),No.6 Collaborations Project,2019-07-12,14,5d1rmWWF1725tnYjq6rMDB,spotify:track:5d1rmWWF1725tnYjq6rMDB,0.11,0.726,0.731,3.45e-06,0.0928,-6.298,0.159,170.125,0.437,53,190293
125,BLOW (with Chris Stapleton & Bruno Mars),No.6 Collaborations Project,2019-07-12,15,7hvO2qCwJVZxiyoA7c9i5d,spotify:track:7hvO2qCwJVZxiyoA7c9i5d,0.000245,0.631,0.796,0.0108,0.38,-5.35,0.0401,92.47,0.596,59,209120
126,Eraser,÷ (Deluxe),2017-03-03,1,7oolFzHipTMg2nL7shhdz2,spotify:track:7oolFzHipTMg2nL7shhdz2,0.086,0.64,0.812,0.0,0.0509,-5.647,0.0834,86.013,0.914,60,227426
127,Castle on the Hill,÷ (Deluxe),2017-03-03,2,6PCUP3dWmTjcTtXY02oFdT,spotify:track:6PCUP3dWmTjcTtXY02oFdT,0.0232,0.461,0.834,1.14e-05,0.14,-4.868,0.0989,135.007,0.471,82,261153
128,Dive,÷ (Deluxe),2017-03-03,3,51ChrwmUPDJvedPQnIU8Ls,spotify:track:51ChrwmUPDJvedPQnIU8Ls,0.355,0.761,0.386,0.0,0.0953,-6.158,0.0399,134.943,0.526,76,238440
129,Shape of You,÷ (Deluxe),2017-03-03,4,7qiZfU4dY1lWllzX7mPBI3,spotify:track:7qiZfU4dY1lWllzX7mPBI3,0.581,0.825,0.652,0.0,0.0931,-3.183,0.0802,95.977,0.931,89,233712
130,Perfect,÷ (Deluxe),2017-03-03,5,0tgVpDi06FyKpA1z0VMD4v,spotify:track:0tgVpDi06FyKpA1z0VMD4v,0.163,0.599,0.448,0.0,0.106,-6.312,0.0232,95.05,0.168,90,263400
131,Galway Girl,÷ (Deluxe),2017-03-03,6,0afhq8XCExXpqazXczTSve,spotify:track:0afhq8XCExXpqazXczTSve,0.0735,0.624,0.876,0.0,0.327,-3.374,0.1,99.943,0.781,82,170826
132,Happier,÷ (Deluxe),2017-03-03,7,2RttW7RAu5nOAfq6YFvApB,spotify:track:2RttW7RAu5nOAfq6YFvApB,0.536,0.522,0.385,0.0,0.135,-7.355,0.0288,89.792,0.236,80,207520
133,New Man,÷ (Deluxe),2017-03-03,8,5HDPtsnyb3maFmPL8LLUTG,spotify:track:5HDPtsnyb3maFmPL8LLUTG,0.0559,0.78,0.745,0.0,0.0595,-3.97,0.145,94.026,0.862,65,189280
134,Hearts Don't Break Around Here,÷ (Deluxe),2017-03-03,9,2dfHh7ECGxfNqZTQno09Vk,spotify:track:2dfHh7ECGxfNqZTQno09Vk,0.719,0.604,0.366,0.0,0.162,-7.881,0.0267,105.177,0.181,64,248413
135,What Do I Know?,÷ (Deluxe),2017-03-03,10,2pJZ1v8HezrAoZ0Fhzby92,spotify:track:2pJZ1v8HezrAoZ0Fhzby92,0.251,0.838,0.492,0.0,0.262,-5.69,0.038,115.092,0.895,69,237333
136,How Would You Feel (Paean),÷ (Deluxe),2017-03-03,11,6PJ8FF6UR8FZXfEvpHkIVN,spotify:track:6PJ8FF6UR8FZXfEvpHkIVN,0.424,0.617,0.439,0.0,0.127,-5.63,0.0269,139.979,0.242,67,280533
137,Supermarket Flowers,÷ (Deluxe),2017-03-03,12,4VuS959DSpr82t3qBqCrWG,spotify:track:4VuS959DSpr82t3qBqCrWG,0.914,0.589,0.242,0.0,0.0887,-10.517,0.0442,89.749,0.257,78,221106
138,Barcelona,÷ (Deluxe),2017-03-03,13,3Lfiu5sZ4M4B6JaKMBc0FU,spotify:track:3Lfiu5sZ4M4B6JaKMBc0FU,0.448,0.747,0.76,0.0,0.153,-4.294,0.187,99.975,0.682,66,191146
139,Bibia Be Ye Ye,÷ (Deluxe),2017-03-03,14,6SznMYPQJHzr3IwsAHLId2,spotify:track:6SznMYPQJHzr3IwsAHLId2,0.52,0.738,0.677,0.0,0.133,-5.121,0.0824,127.067,0.882,63,176746
140,Nancy Mulligan,÷ (Deluxe),2017-03-03,15,35QZaWQRkmnAVqBF1TLCxQ,spotify:track:35QZaWQRkmnAVqBF1TLCxQ,0.117,0.68,0.852,0.0,0.0866,-4.35,0.0349,101.993,0.858,70,179786
141,Save Myself,÷ (Deluxe),2017-03-03,16,6TIU9Ehmi6dMzZK73Ym4yj,spotify:track:6TIU9Ehmi6dMzZK73Ym4yj,0.85,0.552,0.29,0.0,0.227,-5.617,0.0448,78.842,0.481,63,247106
142,One,x (Wembley Edition),2015-11-13,1,5mUBAfEctquPCp3oe8CRZX,spotify:track:5mUBAfEctquPCp3oe8CRZX,0.877,0.464,0.321,0.0,0.0789,-11.12,0.0418,93.528,0.306,46,252760
143,I'm a Mess,x (Wembley Edition),2015-11-13,2,05AXbdKlVvkT6IJlYAfuap,spotify:track:05AXbdKlVvkT6IJlYAfuap,0.556,0.697,0.377,0.0,0.0999,-7.755,0.0397,138.754,0.336,42,244573
144,Sing,x (Wembley Edition),2015-11-13,3,5sA4n1wolLZk2YpBLbsCqj,spotify:track:5sA4n1wolLZk2YpBLbsCqj,0.304,0.818,0.67,1.22e-06,0.0601,-4.451,0.0472,119.988,0.939,44,235382
145,Don't,x (Wembley Edition),2015-11-13,4,5LTzAKRZ2Xct8d6vVrErha,spotify:track:5LTzAKRZ2Xct8d6vVrErha,0.0113,0.806,0.608,0.0,0.635,-7.008,0.0659,95.049,0.849,45,219840
146,Nina,x (Wembley Edition),2015-11-13,5,3b2b3rMn0LflqsIW0g5lDl,spotify:track:3b2b3rMn0LflqsIW0g5lDl,0.175,0.791,0.669,0.0,0.33,-7.189,0.146,92.013,0.809,38,225533
147,Photograph,x (Wembley Edition),2015-11-13,6,0ch8PUB8JRTMJqmdmfY46U,spotify:track:0ch8PUB8JRTMJqmdmfY46U,0.607,0.614,0.379,0.000464,0.0986,-10.48,0.0476,107.989,0.201,54,258986
148,Bloodstream,x (Wembley Edition),2015-11-13,7,2mHWjchw9pqHBvHh7iKoco,spotify:track:2mHWjchw9pqHBvHh7iKoco,0.529,0.66,0.316,0.000294,0.104,-11.567,0.0364,91.207,0.543,42,300253
149,Tenerife Sea,x (Wembley Edition),2015-11-13,8,5rYipCuUMXmKr5XM3eDC1r,spotify:track:5rYipCuUMXmKr5XM3eDC1r,0.697,0.53,0.346,1.07e-05,0.105,-10.497,0.0376,121.876,0.359,61,241346
150,Runaway,x (Wembley Edition),2015-11-13,9,1QaVYz0KPmXtdjVcm3P4oj,spotify:track:1QaVYz0KPmXtdjVcm3P4oj,0.024,0.767,0.449,0.000299,0.151,-7.158,0.0364,95.03,0.908,39,205133
151,The Man,x (Wembley Edition),2015-11-13,10,01cCX1iNks6Ob0Ynwwg8tX,spotify:track:01cCX1iNks6Ob0Ynwwg8tX,0.576,0.759,0.725,0.0,0.0771,-7.006,0.158,87.467,0.619,35,250426
152,Thinking out Loud,x (Wembley Edition),2015-11-13,11,2L6ypr3l5t5mLkY3lXIpZE,spotify:track:2L6ypr3l5t5mLkY3lXIpZE,0.474,0.781,0.445,0.0,0.184,-6.061,0.0295,78.998,0.591,56,281560
153,Afire Love,x (Wembley Edition),2015-11-13,12,0jnNYYeMqMdreIsN22PzGk,spotify:track:0jnNYYeMqMdreIsN22PzGk,0.464,0.552,0.637,1.63e-05,0.136,-6.568,0.0445,97.97,0.333,40,314280
154,Take It Back,x (Wembley Edition),2015-11-13,13,3AhWpAMU0lj0CPMZv3Krde,spotify:track:3AhWpAMU0lj0CPMZv3Krde,0.318,0.754,0.613,0.0,0.335,-6.342,0.229,113.196,0.904,35,208400
155,Shirtsleeves,x (Wembley Edition),2015-11-13,14,5Httl4rILlQs8FednTJ2uE,spotify:track:5Httl4rILlQs8FednTJ2uE,0.319,0.752,0.76,0.0,0.335,-5.34,0.0341,107.034,0.752,35,190226
156,Even My Dad Does Sometimes,x (Wembley Edition),2015-11-13,15,60k4LTrhZ7xX0tSYZkXsuK,spotify:track:60k4LTrhZ7xX0tSYZkXsuK,0.756,0.58,0.318,0.000171,0.117,-8.926,0.0279,129.757,0.295,36,228533
157,I See Fire,x (Wembley Edition),2015-11-13,16,2q5rFdBjUn0e9EL6mHb4Jy,spotify:track:2q5rFdBjUn0e9EL6mHb4Jy,0.638,0.641,0.176,5.14e-06,0.252,-11.692,0.0349,76.031,0.297,0,299146
158,English Rose,x (Wembley Edition),2015-11-13,17,3B8BedGdUGT1Ixog6v8ua8,spotify:track:3B8BedGdUGT1Ixog6v8ua8,0.0977,0.579,0.649,0.0,0.125,-6.522,0.0352,114.593,0.184,43,184173
159,Touch and Go,x (Wembley Edition),2015-11-13,18,4w098dhR8GON00jYL1vCv4,spotify:track:4w098dhR8GON00jYL1vCv4,0.294,0.812,0.542,6.92e-05,0.141,-5.403,0.0444,110.268,0.733,52,240986
160,New York,x (Wembley Edition),2015-11-13,19,5FBaWYaoA8j260ctveOa4a,spotify:track:5FBaWYaoA8j260ctveOa4a,0.707,0.728,0.461,0.0,0.113,-8.726,0.0395,86.014,0.474,43,235960
161,Make It Rain,x (Wembley Edition),2015-11-13,20,4rhcqdXTzNX9uZRZybj3UP,spotify:track:4rhcqdXTzNX9uZRZybj3UP,0.791,0.618,0.239,0.0,0.1,-8.371,0.0274,96.846,0.327,54,404480
162,Parting Glass - Live at Wembley Stadium,x (Wembley Edition),2015-11-13,21,0CjyIDOzzujwovFiCHe1LS,spotify:track:0CjyIDOzzujwovFiCHe1LS,0.598,0.389,0.369,0.0,0.96,-6.886,0.0404,102.625,0.541,40,195967
163,Small Bump - Live at Wembley Stadium,x (Wembley Edition),2015-11-13,22,1nVe4FCdf6dVBkzAF741IC,spotify:track:1nVe4FCdf6dVBkzAF741IC,0.219,0.69,0.696,0.0,0.958,-7.432,0.183,125.735,0.237,36,302992
164,Lay It All on Me (feat. Ed Sheeran),x (Wembley Edition),2015-11-13,23,1eIcWCHqpW2qlWwNOH3dL1,spotify:track:1eIcWCHqpW2qlWwNOH3dL1,0.141,0.669,0.747,0.0,0.185,-7.108,0.0428,122.531,0.483,40,242440
165,"You Need Me, I Don't Need You",5,2014-06-23,1,6x44NmhdsmgRzG07kzqOO6,spotify:track:6x44NmhdsmgRzG07kzqOO6,0.692,0.689,0.563,0.0,0.0579,-5.539,0.275,129.517,0.819,39,245040
166,So,5,2014-06-23,2,24ha18yq0t7XnZ9EgJ7HYb,spotify:track:24ha18yq0t7XnZ9EgJ7HYb,0.853,0.521,0.133,0.0,0.35,-10.599,0.0431,140.077,0.391,43,268760
167,Be Like You,5,2014-06-23,3,6ThrnYkLPlKar6dUIggR6Q,spotify:track:6ThrnYkLPlKar6dUIggR6Q,0.715,0.671,0.388,0.0,0.192,-6.516,0.0762,105.869,0.59,41,218373
168,The City,5,2014-06-23,4,4oCmusomhJaDXUF9OttwQ5,spotify:track:4oCmusomhJaDXUF9OttwQ5,0.74,0.689,0.369,0.0,0.122,-7.183,0.357,102.565,0.701,36,266280
169,Sunburn,5,2014-06-23,5,0Z0GZkW8QCohqGChLmWixd,spotify:track:0Z0GZkW8QCohqGChLmWixd,0.842,0.533,0.17,5.03e-06,0.113,-11.342,0.0668,116.852,0.33,41,266053
170,Let It Out,5,2014-06-23,1,4Ur8TgNrZyUuRBWjsQfgGe,spotify:track:4Ur8TgNrZyUuRBWjsQfgGe,0.645,0.731,0.603,0.011,0.147,-7.656,0.0378,96.973,0.619,38,231546
171,Homeless,5,2014-06-23,2,5YS8NjfOuoFP1vi5wglycc,spotify:track:5YS8NjfOuoFP1vi5wglycc,0.519,0.754,0.636,0.0,0.108,-7.129,0.193,90.001,0.875,37,210746
172,Little Bird,5,2014-06-23,3,5DizlXTwJjjwxxqGNChcvO,spotify:track:5DizlXTwJjjwxxqGNChcvO,0.569,0.826,0.485,0.0,0.107,-7.424,0.0354,104.011,0.278,40,226066
173,Sofa,5,2014-06-23,4,2Z7RLfJdXXkXUmvMJxkNJo,spotify:track:2Z7RLfJdXXkXUmvMJxkNJo,0.14,0.646,0.65,9.65e-06,0.0999,-6.491,0.0278,100.05,0.52,37,199133
174,One Night,5,2014-06-23,5,1IbGB3FLPDJjBX5i3S57rA,spotify:track:1IbGB3FLPDJjBX5i3S57rA,0.379,0.781,0.836,0.0,0.289,-5.496,0.0658,94.989,0.636,37,206440
175,Firefly,5,2014-06-23,6,7udHOd6OUjUIhSjpTo4cl4,spotify:track:7udHOd6OUjUIhSjpTo4cl4,0.886,0.602,0.31,0.000142,0.105,-11.469,0.0373,159.917,0.36,42,254999
176,The City - Live at Sticky Studios; Loose Change EP,5,2014-06-23,7,7cCsAsOKvFdOjQHpADku4O,spotify:track:7cCsAsOKvFdOjQHpADku4O,0.507,0.712,0.569,0.0,0.412,-6.032,0.204,105.032,0.837,32,306320
177,Firefly - Bravado Dubstep Remix,5,2014-06-23,8,0dQ5jI1SGoAX2QT6N95tad,spotify:track:0dQ5jI1SGoAX2QT6N95tad,0.28,0.629,0.663,0.711,0.0811,-10.516,0.0283,139.982,0.49,30,269186
178,Fall,5,2014-06-23,1,5JTTFF4bKTIqrhRmmOgXXo,spotify:track:5JTTFF4bKTIqrhRmmOgXXo,0.632,0.559,0.283,0.00127,0.126,-9.827,0.0323,82.552,0.188,43,163272
179,Fire Alarms,5,2014-06-23,2,4I7VRMbaqi6GdSkaSxe1he,spotify:track:4I7VRMbaqi6GdSkaSxe1he,0.772,0.602,0.286,0.0,0.162,-9.886,0.0296,102.009,0.379,38,144013
180,Where We Land,5,2014-06-23,3,0xaPq2EZ9pQ9vLuxy6MCHH,spotify:track:0xaPq2EZ9pQ9vLuxy6MCHH,0.838,0.68,0.248,4.86e-06,0.0907,-11.592,0.031,119.944,0.275,41,183000
181,Cold Coffee,5,2014-06-23,4,4THoSHxiabL1rd59iVWu2T,spotify:track:4THoSHxiabL1rd59iVWu2T,0.453,0.544,0.529,0.0,0.131,-6.753,0.0256,92.936,0.403,51,254226
182,She,5,2014-06-23,5,3ICdPHubhqTJ4Lm9NEb2W3,spotify:track:3ICdPHubhqTJ4Lm9NEb2W3,0.811,0.573,0.344,0.0,0.13,-10.91,0.0361,157.783,0.377,46,244653
183,The A Team - Live at the Bedford,5,2014-06-23,1,3nwbntyppUfLEMorPB40HN,spotify:track:3nwbntyppUfLEMorPB40HN,0.728,0.402,0.339,0.0,0.833,-9.574,0.0498,83.194,0.496,33,322933
184,Homeless - Live at the Bedford,5,2014-06-23,2,0ewWskuCnqrTFvMUqtAQwF,spotify:track:0ewWskuCnqrTFvMUqtAQwF,0.62,0.601,0.879,0.0,0.464,-5.215,0.0945,99.377,0.713,30,225013
185,The City - Live at the Bedford,5,2014-06-23,3,4HQcJua3wHJLvBvc3gKJTr,spotify:track:4HQcJua3wHJLvBvc3gKJTr,0.545,0.602,0.8,0.0,0.656,-5.91,0.0734,109.921,0.81,31,307760
186,Fall - Live at the Bedford,5,2014-06-23,4,1lG7S133U7vKOXy0n8WeEL,spotify:track:1lG7S133U7vKOXy0n8WeEL,0.807,0.494,0.0964,7.13e-05,0.936,-16.691,0.0532,86.676,0.393,31,151173
187,Wake Me Up - Live at the Bedford,5,2014-06-23,5,2c3PILT3ocB6B47pNzi9qs,spotify:track:2c3PILT3ocB6B47pNzi9qs,0.792,0.616,0.141,0.0,0.897,-17.161,0.532,107.874,0.361,32,300680
188,"You Need Me, I Don't Need You - Live at the Bedford",5,2014-06-23,6,2GGOQWJo7FGEQojc7baekK,spotify:track:2GGOQWJo7FGEQojc7baekK,0.48,0.506,0.911,0.0,0.696,-4.779,0.23,105.475,0.781,33,590333
189,Lately (feat. Devlin),5,2014-06-23,1,5cth8vxCckeYgE10nX58re,spotify:track:5cth8vxCckeYgE10nX58re,0.0928,0.718,0.82,0.0,0.391,-5.552,0.103,90.013,0.329,31,271333
190,You (feat. Wiley),5,2014-06-23,2,6dSgNLxLDgTaPQlB15yOOK,spotify:track:6dSgNLxLDgTaPQlB15yOOK,0.386,0.799,0.532,0.00017,0.0978,-9.472,0.0707,100.032,0.189,31,201586
191,Family (feat. P Money),5,2014-06-23,3,77m6ySUV5ZpOdaIsygDYMZ,spotify:track:77m6ySUV5ZpOdaIsygDYMZ,0.515,0.476,0.704,0.0,0.094,-5.411,0.278,140.396,0.297,30,254906
192,Radio (feat. JME),5,2014-06-23,4,3MUKlVjVJBvPf4flrDq8KB,spotify:track:3MUKlVjVJBvPf4flrDq8KB,0.214,0.693,0.833,0.0,0.117,-5.408,0.263,99.901,0.759,30,222653
193,Little Lady (feat. Mikill Pane),5,2014-06-23,5,7bXTXa2zmMuRZPCBEWcjHw,spotify:track:7bXTXa2zmMuRZPCBEWcjHw,0.731,0.437,0.5,0.0,0.157,-7.103,0.105,85.293,0.437,32,328653
194,Drown Me Out (feat. Ghetts) - + Ghetts,5,2014-06-23,6,0dNt7lZks5TVxiGaCIY1yZ,spotify:track:0dNt7lZks5TVxiGaCIY1yZ,0.0282,0.511,0.91,0.0,0.127,-6.186,0.116,140.147,0.426,29,261440
195,"Nightmares (feat. Random Impulse, Sway & Wretch 32)",5,2014-06-23,7,4SVST4FR6Gj74UJCzCiOSX,spotify:track:4SVST4FR6Gj74UJCzCiOSX,0.101,0.855,0.678,0.00232,0.0964,-6.864,0.052,120.012,0.429,30,243000
196,Goodbye to You (feat. Dot Rotten),5,2014-06-23,8,1O5u4AShfndSLCnVqlV0h2,spotify:track:1O5u4AShfndSLCnVqlV0h2,0.267,0.64,0.664,0.0,0.329,-7.812,0.152,140.007,0.275,30,330200
197,One,x (Deluxe Edition),2014-06-21,1,5TvFfDlVoUWZvfqrhTJzD7,spotify:track:5TvFfDlVoUWZvfqrhTJzD7,0.877,0.464,0.321,0.0,0.0789,-11.12,0.0418,93.528,0.306,63,252760
198,I'm a Mess,x (Deluxe Edition),2014-06-21,2,0xCA70t1ZA4fa9UOE0lIJm,spotify:track:0xCA70t1ZA4fa9UOE0lIJm,0.556,0.697,0.377,0.0,0.0999,-7.755,0.0397,138.754,0.336,66,244573
199,Sing,x (Deluxe Edition),2014-06-21,3,6K8qKeWo5MsFED7wCR6Kop,spotify:track:6K8qKeWo5MsFED7wCR6Kop,0.304,0.818,0.67,1.22e-06,0.0601,-4.451,0.0472,119.988,0.939,72,235382
200,Don't,x (Deluxe Edition),2014-06-21,4,1huvTbEYtgltjQRXzrNKGi,spotify:track:1huvTbEYtgltjQRXzrNKGi,0.0113,0.806,0.608,0.0,0.635,-7.008,0.0659,95.049,0.849,75,219840
201,Nina,x (Deluxe Edition),2014-06-21,5,3GKSfF6c3Rv3a1knSjxnXa,spotify:track:3GKSfF6c3Rv3a1knSjxnXa,0.175,0.791,0.669,0.0,0.33,-7.189,0.146,92.013,0.809,57,225533
202,Photograph,x (Deluxe Edition),2014-06-21,6,1HNkqx9Ahdgi1Ixy2xkKkL,spotify:track:1HNkqx9Ahdgi1Ixy2xkKkL,0.607,0.614,0.379,0.000464,0.0986,-10.48,0.0476,107.989,0.201,87,258986
203,Bloodstream,x (Deluxe Edition),2014-06-21,7,5v4sZRuvWDcisoOk1PFv6T,spotify:track:5v4sZRuvWDcisoOk1PFv6T,0.529,0.66,0.316,0.000294,0.104,-11.567,0.0364,91.207,0.543,67,300253
204,Tenerife Sea,x (Deluxe Edition),2014-06-21,8,1HbcclMpw0q2WDWpdGCKdS,spotify:track:1HbcclMpw0q2WDWpdGCKdS,0.697,0.53,0.346,1.07e-05,0.105,-10.497,0.0376,121.876,0.359,70,241346
205,Runaway,x (Deluxe Edition),2014-06-21,9,2VmA7bm5ECiYZfw7x4Nzku,spotify:track:2VmA7bm5ECiYZfw7x4Nzku,0.024,0.767,0.449,0.000299,0.151,-7.158,0.0364,95.03,0.908,58,205133
206,The Man,x (Deluxe Edition),2014-06-21,10,1gHF0I223J5pv06SuBcmkz,spotify:track:1gHF0I223J5pv06SuBcmkz,0.576,0.759,0.725,0.0,0.0771,-7.006,0.158,87.467,0.619,54,250426
207,Thinking out Loud,x (Deluxe Edition),2014-06-21,11,34gCuhDGsG4bRPIf9bb02f,spotify:track:34gCuhDGsG4bRPIf9bb02f,0.474,0.781,0.445,0.0,0.184,-6.061,0.0295,78.998,0.591,85,281560
208,Afire Love,x (Deluxe Edition),2014-06-21,12,12B0Twa9kRz45Xw2PgXHJm,spotify:track:12B0Twa9kRz45Xw2PgXHJm,0.464,0.552,0.637,1.63e-05,0.136,-6.568,0.0445,97.97,0.333,59,314280
209,Take It Back,x (Deluxe Edition),2014-06-21,13,2dmOWlEHrP266Qgz6wnUrd,spotify:track:2dmOWlEHrP266Qgz6wnUrd,0.318,0.754,0.613,0.0,0.335,-6.342,0.229,113.196,0.904,53,208400
210,Shirtsleeves,x (Deluxe Edition),2014-06-21,14,7awwmuGslmuyhnlpFipDqk,spotify:track:7awwmuGslmuyhnlpFipDqk,0.319,0.752,0.76,0.0,0.335,-5.34,0.0341,107.034,0.752,53,190226
211,Even My Dad Does Sometimes,x (Deluxe Edition),2014-06-21,15,0N5zjRnf8AreOm95iSBXF4,spotify:track:0N5zjRnf8AreOm95iSBXF4,0.756,0.58,0.318,0.000171,0.117,-8.926,0.0279,129.757,0.295,54,228533
212,I See Fire,x (Deluxe Edition),2014-06-21,16,5pY3ovFxbvAg7reGZjJQSp,spotify:track:5pY3ovFxbvAg7reGZjJQSp,0.638,0.641,0.176,5.14e-06,0.252,-11.692,0.0349,76.031,0.297,1,299146
213,Let It Out,Loose Change,2011-12-09,1,69RasNFxqhiyy75JDHsrIS,spotify:track:69RasNFxqhiyy75JDHsrIS,0.645,0.731,0.603,0.011,0.147,-7.656,0.0378,96.973,0.619,44,231546
214,Homeless,Loose Change,2011-12-09,2,0jtTK6XjYj2L3Ge6jyK2sr,spotify:track:0jtTK6XjYj2L3Ge6jyK2sr,0.519,0.754,0.636,0.0,0.108,-7.129,0.193,90.001,0.875,38,210746
215,Little Bird,Loose Change,2011-12-09,3,7sGK98k8lv3hzRznoN909t,spotify:track:7sGK98k8lv3hzRznoN909t,0.569,0.826,0.485,0.0,0.107,-7.424,0.0354,104.011,0.278,39,226066
216,Sofa,Loose Change,2011-12-09,4,5VAd82Nigp6Qdbl2zln1cl,spotify:track:5VAd82Nigp6Qdbl2zln1cl,0.14,0.646,0.65,9.65e-06,0.0999,-6.491,0.0278,100.05,0.52,38,199133
217,One Night,Loose Change,2011-12-09,5,0CNrpbpJ9HsFffF9hqWIIe,spotify:track:0CNrpbpJ9HsFffF9hqWIIe,0.379,0.781,0.836,0.0,0.289,-5.496,0.0658,94.989,0.636,43,206440
218,Firefly,Loose Change,2011-12-09,6,4fZscNFYKoPIDHrgXxdacR,spotify:track:4fZscNFYKoPIDHrgXxdacR,0.886,0.602,0.31,0.000142,0.105,-11.469,0.0373,159.917,0.36,46,254999
219,The City - Live at Sticky Studios; Loose Change EP,Loose Change,2011-12-09,7,1Fj5Hfda761tgxKbJUlFxN,spotify:track:1Fj5Hfda761tgxKbJUlFxN,0.507,0.712,0.569,0.0,0.412,-6.032,0.204,105.032,0.837,33,306320
220,Firefly - Bravado Dubstep Remix,Loose Change,2011-12-09,8,1qjnGMSchVVfePsMV0UZ9b,spotify:track:1qjnGMSchVVfePsMV0UZ9b,0.28,0.629,0.663,0.711,0.0811,-10.516,0.0283,139.982,0.49,30,269186
221,The A Team - Live at the Bedford,Live at the Bedford,2011-12-09,1,6JUGrUnAms0o3uGVIhkAyH,spotify:track:6JUGrUnAms0o3uGVIhkAyH,0.728,0.402,0.339,0.0,0.833,-9.574,0.0498,83.194,0.496,32,322933
222,Homeless - Live at the Bedford,Live at the Bedford,2011-12-09,2,0T0wYEzpL46dCaTL1DLCyD,spotify:track:0T0wYEzpL46dCaTL1DLCyD,0.62,0.601,0.879,0.0,0.464,-5.215,0.0945,99.377,0.713,29,225013
223,The City - Live at the Bedford,Live at the Bedford,2011-12-09,3,7JE96R5PJCWQ9Cm3JQXYuH,spotify:track:7JE96R5PJCWQ9Cm3JQXYuH,0.545,0.602,0.8,0.0,0.656,-5.91,0.0734,109.921,0.81,29,307760
224,Fall - Live at the Bedford,Live at the Bedford,2011-12-09,4,1YM4HlWW3vvrnWdf9N7Xi2,spotify:track:1YM4HlWW3vvrnWdf9N7Xi2,0.807,0.494,0.0964,7.13e-05,0.936,-16.691,0.0532,86.676,0.393,30,151173
225,Wake Me Up - Live at the Bedford,Live at the Bedford,2011-12-09,5,7GtrkWkk5MxDaIlGOr7UU9,spotify:track:7GtrkWkk5MxDaIlGOr7UU9,0.792,0.616,0.141,0.0,0.897,-17.161,0.532,107.874,0.361,34,300680
226,"You Need Me, I Don't Need You - Live at the Bedford",Live at the Bedford,2011-12-09,6,5rJDpFuffh8UFEKqvzCAZP,spotify:track:5rJDpFuffh8UFEKqvzCAZP,0.48,0.506,0.911,0.0,0.696,-4.779,0.23,105.475,0.781,33,590333
227,Lately (feat. Devlin),No.5 Collaborations Project,2011-09-09,1,1iyJwocwqUMwLgmu9O5Y13,spotify:track:1iyJwocwqUMwLgmu9O5Y13,0.0928,0.718,0.82,0.0,0.391,-5.552,0.103,90.013,0.329,37,271333
228,You (feat. Wiley),No.5 Collaborations Project,2011-09-09,2,7h7KBBdYIzrxOsLfR9aUO7,spotify:track:7h7KBBdYIzrxOsLfR9aUO7,0.386,0.799,0.532,0.00017,0.0978,-9.472,0.0707,100.032,0.189,35,201586
229,Family (feat. P Money),No.5 Collaborations Project,2011-09-09,3,79d2OA4Sj4nfw0vk8EV82D,spotify:track:79d2OA4Sj4nfw0vk8EV82D,0.515,0.476,0.704,0.0,0.094,-5.411,0.278,140.396,0.297,35,254906
230,Radio (feat. JME),No.5 Collaborations Project,2011-09-09,4,5KB7EYQuHd0S5WKVWpagYu,spotify:track:5KB7EYQuHd0S5WKVWpagYu,0.214,0.693,0.833,0.0,0.117,-5.408,0.263,99.901,0.759,36,222653
231,Little Lady (feat. Mikill Pane),No.5 Collaborations Project,2011-09-09,5,5rKb6l02IplvF9I0sJI9Lj,spotify:track:5rKb6l02IplvF9I0sJI9Lj,0.731,0.437,0.5,0.0,0.157,-7.103,0.105,85.293,0.437,41,328653
232,Drown Me Out (feat. Ghetts) - + Ghetts,No.5 Collaborations Project,2011-09-09,6,0UD8qgp0Fmgh79K3qeTHQh,spotify:track:0UD8qgp0Fmgh79K3qeTHQh,0.0282,0.511,0.91,0.0,0.127,-6.186,0.116,140.147,0.426,32,261440
233,"Nightmares (feat. Random Impulse, Sway & Wretch 32)",No.5 Collaborations Project,2011-09-09,7,4MKPqVv3FqKCZTcKHfR125,spotify:track:4MKPqVv3FqKCZTcKHfR125,0.101,0.855,0.678,0.00232,0.0964,-6.864,0.052,120.012,0.429,32,243000
234,Goodbye to You (feat. Dot Rotten),No.5 Collaborations Project,2011-09-09,8,1SdyQYIFM05qkexCFKZxW1,spotify:track:1SdyQYIFM05qkexCFKZxW1,0.267,0.64,0.664,0.0,0.329,-7.812,0.152,140.007,0.275,32,330200
235,The A Team,+,2011-09-09,1,1XpYodsD36XN7ygcdF7mJJ,spotify:track:1XpYodsD36XN7ygcdF7mJJ,0.669,0.642,0.289,0.0,0.18,-9.918,0.0367,84.996,0.407,69,258373
236,Drunk,+,2011-09-09,2,4RnCPWlBsY7oUDdyruod7Y,spotify:track:4RnCPWlBsY7oUDdyruod7Y,0.419,0.733,0.652,2.37e-06,0.521,-9.101,0.0696,99.998,0.459,65,200093
237,U.N.I.,+,2011-09-09,3,5Ukzlujip1Slqka5OY82YS,spotify:track:5Ukzlujip1Slqka5OY82YS,0.323,0.422,0.405,0.0,0.15,-11.126,0.101,74.13,0.578,54,228600
238,Grade 8,+,2011-09-09,4,0obzwoGjXdORtAwYWZ9s53,spotify:track:0obzwoGjXdORtAwYWZ9s53,0.0446,0.74,0.807,4.02e-05,0.0538,-9.976,0.0363,101.042,0.781,52,179880
239,Wake Me Up,+,2011-09-09,5,0ygAYQQy7bfDN6gH640bbl,spotify:track:0ygAYQQy7bfDN6gH640bbl,0.902,0.616,0.209,0.0,0.139,-13.43,0.406,86.891,0.336,54,229613
240,Small Bump,+,2011-09-09,6,4z1O25cq9g2kuJemmUxc21,spotify:track:4z1O25cq9g2kuJemmUxc21,0.689,0.81,0.436,0.000151,0.11,-12.683,0.0717,119.973,0.446,62,259413
241,This,+,2011-09-09,7,0pJfsPQesJyCnR5XWZyvj9,spotify:track:0pJfsPQesJyCnR5XWZyvj9,0.95,0.588,0.0929,0.00539,0.128,-14.301,0.0443,152.139,0.502,53,195840
242,The City,+,2011-09-09,8,4ucfQOYOe1Jz5KqCfpGobp,spotify:track:4ucfQOYOe1Jz5KqCfpGobp,0.0415,0.74,0.505,6.82e-05,0.0707,-10.338,0.0674,97.994,0.646,50,234333
243,Lego House,+,2011-09-09,9,5ubHAQtKuFfiG4FXfLP804,spotify:track:5ubHAQtKuFfiG4FXfLP804,0.562,0.592,0.637,0.0,0.13,-8.48,0.0992,159.701,0.565,75,185093
244,"You Need Me, I Don't Need You",+,2011-09-09,10,5KL4iZkCTZyXl7KnHgfVDj,spotify:track:5KL4iZkCTZyXl7KnHgfVDj,0.162,0.749,0.837,0.0,0.525,-8.837,0.0512,103.483,0.927,64,220413
245,Kiss Me,+,2011-09-09,11,0Tel1fmuCxEFV6wBLXsEdk,spotify:track:0Tel1fmuCxEFV6wBLXsEdk,0.64,0.589,0.227,0.00469,0.0248,-16.67,0.0498,74.993,0.182,71,280853
246,Give Me Love,+,2011-09-09,12,0SuG9kyzGRpDqrCWtgD6Lq,spotify:track:0SuG9kyzGRpDqrCWtgD6Lq,0.694,0.526,0.328,0.0,0.112,-9.864,0.0461,116.068,0.11,74,526386
247,Autumn Leaves - Deluxe Edition,+,2011-09-09,13,7iBSkXB0pTvZasOLf0Qxk9,spotify:track:7iBSkXB0pTvZasOLf0Qxk9,0.892,0.555,0.257,1.42e-06,0.124,-12.637,0.0299,89.013,0.431,57,200755
248,Little Bird - Deluxe Edition,+,2011-09-09,14,4bcgRbGeq4IejesjsiHyTH,spotify:track:4bcgRbGeq4IejesjsiHyTH,0.565,0.843,0.425,0.0,0.102,-8.676,0.0352,104.02,0.284,51,224528
249,Gold Rush - Deluxe Edition,+,2011-09-09,15,4mT5mVFaU7trA3UdbGqfB9,spotify:track:4mT5mVFaU7trA3UdbGqfB9,0.729,0.74,0.248,0.0,0.141,-12.659,0.109,83.786,0.889,51,243162
250,Sunburn - Deluxe Edition,+,2011-09-09,16,3YPiRYIUFlcQ0aaLGmeswS,spotify:track:3YPiRYIUFlcQ0aaLGmeswS,0.865,0.464,0.098,0.0,0.101,-12.119,0.0376,78.864,0.234,49,275882
